{
  "steps": 20,
  "telemetry_steps": 20,
  "telemetry_coverage": 1.0,
  "score": {
    "steps": 20,
    "total": -1613.23341612,
    "average": -80.66167080599999,
    "agent_a": -1702.0,
    "agent_b": 116.47763980000003,
    "agent_c": 23.59999999999999
  },
  "telemetry_reward_delta": {
    "AgentA": -2400.0,
    "AgentB": 76.47763980000002,
    "AgentC": 4.200000000000002,
    "weighted_total": -2350.7534161199983
  },
  "max_sla_violations": 16,
  "max_completed_tasks": 8,
  "max_energy_watts": 136.744178,
  "actions": {
    "dvfs": 4,
    "replicate": 16
  }
}