{
  "steps": 1,
  "telemetry_steps": 1,
  "telemetry_coverage": 1.0,
  "score": {
    "steps": 1,
    "total": 7.701477551999999,
    "average": 7.701477551999999,
    "agent_a": 1.0,
    "agent_b": 9.835795919999999,
    "agent_c": 1.0
  },
  "telemetry_reward_delta": {
    "AgentA": 0.0,
    "AgentB": 3.83579592,
    "AgentC": 0.0,
    "weighted_total": 2.3014775519999997
  },
  "max_sla_violations": 0,
  "max_completed_tasks": 0,
  "max_energy_watts": 116.420408,
  "actions": {
    "dvfs": 1
  }
}