{
  "steps": 80,
  "telemetry_steps": 80,
  "telemetry_coverage": 1.0,
  "score": {
    "steps": 80,
    "total": -5362.353735196,
    "average": -67.02942168995,
    "agent_a": -5716.0,
    "agent_b": 463.8104413399999,
    "agent_c": 94.2000000000001
  },
  "telemetry_reward_delta": {
    "AgentA": -8350.0,
    "AgentB": 308.8104413399996,
    "AgentC": 16.899999999999988,
    "weighted_total": -8151.193735195999
  },
  "max_sla_violations": 17,
  "max_completed_tasks": 9,
  "max_energy_watts": 136.744178,
  "actions": {
    "dvfs": 15,
    "replicate": 63,
    "migrate": 2
  }
}