{
  "steps": 23,
  "telemetry_steps": 23,
  "telemetry_coverage": 1.0,
  "score": {
    "steps": 23,
    "total": -1113.325216304,
    "average": -48.405444187130435,
    "agent_a": -1269.0,
    "agent_b": 224.3913061599999,
    "agent_c": 26.29999999999999
  },
  "telemetry_reward_delta": {
    "AgentA": -1200.0,
    "AgentB": 91.39130616000006,
    "AgentC": 3.3000000000000007,
    "weighted_total": -1142.5252163040002
  },
  "max_sla_violations": 2,
  "max_completed_tasks": 2,
  "max_energy_watts": 117.620408,
  "actions": {
    "replicate": 1,
    "dvfs": 22
  }
}