{
  "steps": 19,
  "telemetry_steps": 19,
  "telemetry_coverage": 1.0,
  "score": {
    "steps": 19,
    "total": -1533.986934584,
    "average": -80.73615445178947,
    "agent_a": -1611.0,
    "agent_b": 98.08844236,
    "agent_c": 22.699999999999992
  },
  "telemetry_reward_delta": {
    "AgentA": -2450.0,
    "AgentB": 74.08844236,
    "AgentC": 4.400000000000002,
    "weighted_total": -2402.026934584
  },
  "max_sla_violations": 17,
  "max_completed_tasks": 9,
  "max_energy_watts": 130.54506,
  "actions": {
    "migrate": 3,
    "dvfs": 1,
    "replicate": 15
  }
}